;<hmm name>;;;
#=ID;IF4E;(Pfam);IF4E_LIG_0-0;(PLoS_CB_2010)
#=ID;IF4E;(Pfam);IF4E_LIG_0-1;(PLoS_CB_2010)
#=ID;IF4E;(Pfam);IF4E_LIG_0-22;(PLoS_CB_2010)
#=ID;Dynein_light;(Pfam);Dynein_light_LIG_0-23;(PLoS_CB_2010)
#=ID;Dynein_light;(Pfam);Dynein_light_LIG_0-0;(PLoS_CB_2010)
#=ID;Dynein_light;(Pfam);Dynein_light_LIG_0-31;(PLoS_CB_2010)
#=ID;Dynein_light;(Pfam);Dynein_light_LIG_0-11;(PLoS_CB_2010)
#=ID;Dynein_light;(Pfam);Dynein_light_LIG_0-8;(PLoS_CB_2010)
#=ID;Dynein_light;(Pfam);Dynein_light_LIG_0-6;(PLoS_CB_2010)
#=ID;Dynein_light;(Pfam);Dynein_light_LIG_0-14;(PLoS_CB_2010)
#=ID;Focal_AT;(Pfam);Focal_AT_LIG_0-0;(PLoS_CB_2010)
#=ID;Focal_AT;(Pfam);Focal_AT_LIG_0-1;(PLoS_CB_2010)
#=ID;Focal_AT;(Pfam);Focal_AT_LIG_0-2;(PLoS_CB_2010)
#=ID;Focal_AT;(Pfam);Focal_AT_LIG_1-0;(PLoS_CB_2010)
#=ID;PCNA_C;(Pfam);PCNA_C_LIG_0-7;(PLoS_CB_2010)
#=ID;PCNA_C;(Pfam);PCNA_C_LIG_0-0;(PLoS_CB_2010)
#=ID;PCNA_C;(Pfam);PCNA_C_LIG_0-6;(PLoS_CB_2010)
#=ID;PCNA_C;(Pfam);PCNA_C_LIG_0-2;(PLoS_CB_2010)
#=ID;PCNA_C;(Pfam);PCNA_C_LIG_0-13;(PLoS_CB_2010)
#=ID;PCNA_C;(Pfam);PCNA_C_LIG_0-4;(PLoS_CB_2010)
#=ID;PCNA_C;(Pfam);PCNA_C_LIG_0-37;(PLoS_CB_2010)
#=ID;PCNA_C;(Pfam);PCNA_C_LIG_0-29;(PLoS_CB_2010)
#=ID;Profilin;(Pfam);Profilin_LIG_0-0;(PLoS_CB_2010)
#=ID;Profilin;(Pfam);Profilin_LIG_0-1;(PLoS_CB_2010)
#=ID;Chromo;(Pfam);Chromo_LIG_2-0;(PLoS_CB_2010)
#=ID;Chromo;(Pfam);Chromo_LIG_2-6;(PLoS_CB_2010)
#=ID;Chromo;(Pfam);Chromo_LIG_2-17;(PLoS_CB_2010)
#=ID;Chromo;(Pfam);Chromo_LIG_2-9;(PLoS_CB_2010)
#=ID;Chromo;(Pfam);Chromo_LIG_2-1;(PLoS_CB_2010)
#=ID;Chromo;(Pfam);Chromo_LIG_2-7;(PLoS_CB_2010)
#=ID;Chromo;(Pfam);Chromo_LIG_2-13;(PLoS_CB_2010)
#=ID;Chromo;(Pfam);Chromo_LIG_2-14;(PLoS_CB_2010)
#=ID;Arm;(Pfam);Arm_LIG_1-0;(PLoS_CB_2010)
#=ID;Arm;(Pfam);Arm_LIG_1-2;(PLoS_CB_2010)
#=ID;Arm;(Pfam);Arm_LIG_1-73;(PLoS_CB_2010)
#=ID;Arm;(Pfam);Arm_LIG_1-7;(PLoS_CB_2010)
#=ID;Arm;(Pfam);Arm_LIG_1-6;(PLoS_CB_2010)
#=ID;Arm;(Pfam);Arm_LIG_1-37;(PLoS_CB_2010)
#=ID;Arm;(Pfam);Arm_LIG_1-3;(PLoS_CB_2010)
#=ID;Arm;(Pfam);Arm_LIG_1-9;(PLoS_CB_2010)
#=ID;Arm;(Pfam);Arm_LIG_1-25;(PLoS_CB_2010)
#=ID;Arm;(Pfam);Arm_LIG_1-35;(PLoS_CB_2010)
#=ID;Arm;(Pfam);Arm_LIG_1-16;(PLoS_CB_2010)
#=ID;Arm;(Pfam);Arm_LIG_1-23;(PLoS_CB_2010)
#=ID;Arm;(Pfam);Arm_LIG_1-10;(PLoS_CB_2010)
#=ID;Arm;(Pfam);Arm_LIG_1-4;(PLoS_CB_2010)
#=ID;MBT;(Pfam);MBT_LIG_0-0;(PLoS_CB_2010)
#=ID;MBT;(Pfam);MBT_LIG_0-14;(PLoS_CB_2010)
#=ID;MBT;(Pfam);MBT_LIG_0-2;(PLoS_CB_2010)
#=ID;BRCT;(Pfam);BRCT_LIG_0-0;(PLoS_CB_2010)
#=ID;BRCT;(Pfam);BRCT_LIG_0-7;(PLoS_CB_2010)
#=ID;Cullin;(Pfam);Cullin_LIG_0-38;(PLoS_CB_2010)
#=ID;Cullin;(Pfam);Cullin_LIG_0-8;(PLoS_CB_2010)
#=ID;Cullin;(Pfam);Cullin_LIG_0-0;(PLoS_CB_2010)
#=ID;Peptidase_C14;(Pfam);Peptidase_C14_LIG_1-0;(PLoS_CB_2010)
#=ID;PID;(Pfam);PID_LIG_2-0;(PLoS_CB_2010)
#=ID;PID;(Pfam);PID_LIG_2-78;(PLoS_CB_2010)
#=ID;PID;(Pfam);PID_LIG_2-1;(PLoS_CB_2010)
#=ID;PID;(Pfam);PID_LIG_2-86;(PLoS_CB_2010)
#=ID;BRCT;(Pfam);BRCT_LIG_1-0;(PLoS_CB_2010)
#=ID;Peptidase_C14;(Pfam);Peptidase_C14_LIG_4-1;(PLoS_CB_2010)
#=ID;Peptidase_C14;(Pfam);Peptidase_C14_LIG_4-9;(PLoS_CB_2010)
#=ID;Peptidase_C14;(Pfam);Peptidase_C14_LIG_4-11;(PLoS_CB_2010)
#=ID;Peptidase_C14;(Pfam);Peptidase_C14_LIG_4-10;(PLoS_CB_2010)
#=ID;Peptidase_C14;(Pfam);Peptidase_C14_LIG_4-0;(PLoS_CB_2010)
#=ID;Arm;(Pfam);Arm_LIG_2-0;(PLoS_CB_2010)
#=ID;Arm;(Pfam);Arm_LIG_2-2;(PLoS_CB_2010)
#=ID;Arm;(Pfam);Arm_LIG_2-1;(PLoS_CB_2010)
#=ID;Arm;(Pfam);Arm_LIG_2-4;(PLoS_CB_2010)
#=ID;Arm;(Pfam);Arm_LIG_2-13;(PLoS_CB_2010)
#=ID;14-3-3;(Pfam);14-3-3_LIG_2-1;(PLoS_CB_2010)
#=ID;14-3-3;(Pfam);14-3-3_LIG_2-7;(PLoS_CB_2010)
#=ID;FHA;(Pfam);FHA_LIG_0-1;(PLoS_CB_2010)
#=ID;FHA;(Pfam);FHA_LIG_0-0;(PLoS_CB_2010)
#=ID;FHA;(Pfam);FHA_LIG_0-6;(PLoS_CB_2010)
#=ID;FHA;(Pfam);FHA_LIG_0-7;(PLoS_CB_2010)
#=ID;FHA;(Pfam);FHA_LIG_0-4;(PLoS_CB_2010)
#=ID;FHA;(Pfam);FHA_LIG_0-2;(PLoS_CB_2010)
#=ID;BIR;(Pfam);BIR_LIG_0-0;(PLoS_CB_2010)
#=ID;BIR;(Pfam);BIR_LIG_0-3;(PLoS_CB_2010)
#=ID;BIR;(Pfam);BIR_LIG_0-4;(PLoS_CB_2010)
#=ID;Bcl-2;(Pfam);Bcl-2_LIG_2-2;(PLoS_CB_2010)
#=ID;Fibrinogen_C;(Pfam);Fibrinogen_C_LIG_0-0;(PLoS_CB_2010)
#=ID;PHD;(Pfam);PHD_LIG_0-0;(PLoS_CB_2010)
#=ID;PHD;(Pfam);PHD_LIG_0-10;(PLoS_CB_2010)
#=ID;PHD;(Pfam);PHD_LIG_0-1;(PLoS_CB_2010)
#=ID;PHD;(Pfam);PHD_LIG_0-2;(PLoS_CB_2010)
#=ID;PHD;(Pfam);PHD_LIG_0-22;(PLoS_CB_2010)
#=ID;Arm;(Pfam);Arm_LIG_0-0;(PLoS_CB_2010)
#=ID;Arm;(Pfam);Arm_LIG_0-25;(PLoS_CB_2010)
#=ID;Arm;(Pfam);Arm_LIG_0-1;(PLoS_CB_2010)
#=ID;Arm;(Pfam);Arm_LIG_0-13;(PLoS_CB_2010)
#=ID;Arm;(Pfam);Arm_LIG_0-48;(PLoS_CB_2010)
#=ID;Arm;(Pfam);Arm_LIG_0-7;(PLoS_CB_2010)
#=ID;Arm;(Pfam);Arm_LIG_0-54;(PLoS_CB_2010)
#=ID;Arm;(Pfam);Arm_LIG_0-4;(PLoS_CB_2010)
#=ID;Arm;(Pfam);Arm_LIG_0-47;(PLoS_CB_2010)
#=ID;Arm;(Pfam);Arm_LIG_0-2;(PLoS_CB_2010)
#=ID;Arm;(Pfam);Arm_LIG_0-21;(PLoS_CB_2010)
#=ID;Arm;(Pfam);Arm_LIG_0-44;(PLoS_CB_2010)
#=ID;Arm;(Pfam);Arm_LIG_0-9;(PLoS_CB_2010)
#=ID;Arm;(Pfam);Arm_LIG_0-11;(PLoS_CB_2010)
#=ID;Arm;(Pfam);Arm_LIG_0-19;(PLoS_CB_2010)
#=ID;Arm;(Pfam);Arm_LIG_0-3;(PLoS_CB_2010)
#=ID;Asp;(Pfam);Asp_LIG_2-0;(PLoS_CB_2010)
#=ID;Cyclin_N;(Pfam);Cyclin_N_LIG_0-0;(PLoS_CB_2010)
#=ID;Cyclin_N;(Pfam);Cyclin_N_LIG_0-1;(PLoS_CB_2010)
#=ID;Cyclin_N;(Pfam);Cyclin_N_LIG_0-13;(PLoS_CB_2010)
#=ID;TRF;(Pfam);TRF_LIG_0-2;(PLoS_CB_2010)
#=ID;UCR_14kD;(Pfam);UCR_14kD_LIG_0-0;(PLoS_CB_2010)
#=ID;UCR_14kD;(Pfam);UCR_14kD_LIG_0-21;(PLoS_CB_2010)
#=ID;Tyr-DNA_phospho;(Pfam);Tyr-DNA_phospho_LIG_0-0;(PLoS_CB_2010)
#=ID;Pkinase_Tyr;(Pfam);Pkinase_Tyr_LIG_2-0;(PLoS_CB_2010)
#=ID;Pkinase_Tyr;(Pfam);Pkinase_Tyr_LIG_2-2;(PLoS_CB_2010)
#=ID;Proteasome_A_N;(Pfam);Proteasome_A_N_LIG_0-3;(PLoS_CB_2010)
#=ID;Filamin;(Pfam);Filamin_LIG_0-0;(PLoS_CB_2010)
#=ID;Pro_isomerase;(Pfam);Pro_isomerase_LIG_0-0;(PLoS_CB_2010)
#=ID;SH2;(Pfam);SH2_LIG_0-10;(PLoS_CB_2010)
#=ID;SH2;(Pfam);SH2_LIG_0-3;(PLoS_CB_2010)
#=ID;SH2;(Pfam);SH2_LIG_0-4;(PLoS_CB_2010)
#=ID;SH2;(Pfam);SH2_LIG_0-13;(PLoS_CB_2010)
#=ID;SH2;(Pfam);SH2_LIG_0-9;(PLoS_CB_2010)
#=ID;SH2;(Pfam);SH2_LIG_0-8;(PLoS_CB_2010)
#=ID;SET;(Pfam);SET_LIG_0-3;(PLoS_CB_2010)
#=ID;SH2;(Pfam);SH2_LIG_1-0;(PLoS_CB_2010)
#=ID;SH2;(Pfam);SH2_LIG_1-3;(PLoS_CB_2010)
#=ID;Pkinase;(Pfam);Pkinase_LIG_3-1;(PLoS_CB_2010)
#=ID;Pkinase;(Pfam);Pkinase_LIG_3-2;(PLoS_CB_2010)
#=ID;Pkinase;(Pfam);Pkinase_LIG_3-7;(PLoS_CB_2010)
#=ID;Trypsin;(Pfam);Trypsin_LIG_5-0;(PLoS_CB_2010)
#=ID;SIR2;(Pfam);SIR2_LIG_0-0;(PLoS_CB_2010)
#=ID;Trypsin;(Pfam);Trypsin_LIG_11-0;(PLoS_CB_2010)
#=ID;Trypsin;(Pfam);Trypsin_LIG_11-10;(PLoS_CB_2010)
#=ID;WW;(Pfam);WW_LIG_0-0;(PLoS_CB_2010)
#=ID;WW;(Pfam);WW_LIG_0-12;(PLoS_CB_2010)
#=ID;WW;(Pfam);WW_LIG_0-178;(PLoS_CB_2010)
#=ID;WW;(Pfam);WW_LIG_0-10;(PLoS_CB_2010)
#=ID;SH3_1;(Pfam);SH3_1_LIG_0-0;(PLoS_CB_2010)
#=ID;SH3_1;(Pfam);SH3_1_LIG_0-14;(PLoS_CB_2010)
#=ID;SH3_1;(Pfam);SH3_1_LIG_0-33;(PLoS_CB_2010)
#=ID;SH3_1;(Pfam);SH3_1_LIG_0-8;(PLoS_CB_2010)
#=ID;TPR_1;(Pfam);TPR_1_LIG_0-1;(PLoS_CB_2010)
#=ID;TPR_1;(Pfam);TPR_1_LIG_0-5;(PLoS_CB_2010)
#=ID;VHS;(Pfam);VHS_LIG_0-0;(PLoS_CB_2010)
#=ID;VHS;(Pfam);VHS_LIG_0-9;(PLoS_CB_2010)
#=ID;V-set;(Pfam);V-set_LIG_15-0;(PLoS_CB_2010)
#=ID;V-set;(Pfam);V-set_LIG_15-2;(PLoS_CB_2010)
#=ID;V-set;(Pfam);V-set_LIG_15-1;(PLoS_CB_2010)
#=ID;V-set;(Pfam);V-set_LIG_15-4;(PLoS_CB_2010)
#=ID;14-3-3;(Pfam);14-3-3_LIG_6-0;(PLoS_CB_2010)
#=ID;14-3-3;(Pfam);14-3-3_LIG_6-5;(PLoS_CB_2010)
#=ID;14-3-3;(Pfam);14-3-3_LIG_6-2;(PLoS_CB_2010)
#=ID;14-3-3;(Pfam);14-3-3_LIG_6-1;(PLoS_CB_2010)
#=ID;14-3-3;(Pfam);14-3-3_LIG_6-11;(PLoS_CB_2010)
#=ID;14-3-3;(Pfam);14-3-3_LIG_6-3;(PLoS_CB_2010)
#=ID;14-3-3;(Pfam);14-3-3_LIG_6-22;(PLoS_CB_2010)
#=ID;14-3-3;(Pfam);14-3-3_LIG_6-23;(PLoS_CB_2010)
#=ID;14-3-3;(Pfam);14-3-3_LIG_6-18;(PLoS_CB_2010)
#=ID;14-3-3;(Pfam);14-3-3_LIG_6-17;(PLoS_CB_2010)
#=ID;14-3-3;(Pfam);14-3-3_LIG_6-8;(PLoS_CB_2010)
#=ID;14-3-3;(Pfam);14-3-3_LIG_6-14;(PLoS_CB_2010)
#=ID;14-3-3;(Pfam);14-3-3_LIG_6-26;(PLoS_CB_2010)
#=ID;Acetyltransf_1;(Pfam);Acetyltransf_1_LIG_4-0;(PLoS_CB_2010)
#=ID;Acetyltransf_1;(Pfam);Acetyltransf_1_LIG_4-2;(PLoS_CB_2010)
#=ID;Acetyltransf_1;(Pfam);Acetyltransf_1_LIG_4-1;(PLoS_CB_2010)
#=ID;Amino_oxidase;(Pfam);Amino_oxidase_LIG_0-0;(PLoS_CB_2010)
#=ID;Amino_oxidase;(Pfam);Amino_oxidase_LIG_0-1;(PLoS_CB_2010)
#=ID;Amino_oxidase;(Pfam);Amino_oxidase_LIG_0-11;(PLoS_CB_2010)
#=ID;Dpy-30;(Pfam);Dpy-30_LIG_0-0;(PLoS_CB_2010)
#=ID;AXH;(Pfam);AXH_LIG_0-0;(PLoS_CB_2010)
#=ID;AXH;(Pfam);AXH_LIG_0-1;(PLoS_CB_2010)
#=ID;AXH;(Pfam);AXH_LIG_0-3;(PLoS_CB_2010)
#=ID;AXH;(Pfam);AXH_LIG_0-2;(PLoS_CB_2010)
#=ID;CbiA;(Pfam);CbiA_LIG_0-0;(PLoS_CB_2010)
#=ID;CiPC;(Pfam);CiPC_LIG_1-1;(PLoS_CB_2010)
#=ID;CiPC;(Pfam);CiPC_LIG_1-0;(PLoS_CB_2010)
#=ID;CiPC;(Pfam);CiPC_LIG_1-5;(PLoS_CB_2010)
#=ID;CiPC;(Pfam);CiPC_LIG_1-2;(PLoS_CB_2010)
#=ID;CiPC;(Pfam);CiPC_LIG_1-4;(PLoS_CB_2010)
#=ID;CiPC;(Pfam);CiPC_LIG_1-3;(PLoS_CB_2010)
#=ID;Ku_N;(Pfam);Ku_N_LIG_0-0;(PLoS_CB_2010)
#=ID;Ku_N;(Pfam);Ku_N_LIG_0-5;(PLoS_CB_2010)
#=ID;Ku_N;(Pfam);Ku_N_LIG_0-24;(PLoS_CB_2010)
#=ID;Dpy-30;(Pfam);Dpy-30_LIG_1-0;(PLoS_CB_2010)
#=ID;Med18;(Pfam);Med18_LIG_4-0;(PLoS_CB_2010)
#=ID;JHD;(Pfam);JHD_LIG_1-0;(PLoS_CB_2010)
#=ID;Atg8;(Pfam);Atg8_LIG_0-6;(PLoS_CB_2010)
#=ID;Atg8;(Pfam);Atg8_LIG_0-44;(PLoS_CB_2010)
#=ID;Atg8;(Pfam);Atg8_LIG_0-45;(PLoS_CB_2010)
#=ID;Atg8;(Pfam);Atg8_LIG_0-57;(PLoS_CB_2010)
#=ID;Atg8;(Pfam);Atg8_LIG_0-26;(PLoS_CB_2010)
#=ID;Atg8;(Pfam);Atg8_LIG_0-0;(PLoS_CB_2010)
#=ID;Atg8;(Pfam);Atg8_LIG_0-43;(PLoS_CB_2010)
#=ID;Atg8;(Pfam);Atg8_LIG_0-19;(PLoS_CB_2010)
#=ID;CSN7a_helixI;(Pfam);CSN7a_helixI_LIG_3-0;(PLoS_CB_2010)
#=ID;CSN7a_helixI;(Pfam);CSN7a_helixI_LIG_3-1;(PLoS_CB_2010)
#=ID;DnaJ_C;(Pfam);DnaJ_C_LIG_0-0;(PLoS_CB_2010)
#=ID;MotA_ExbB;(Pfam);MotA_ExbB_LIG_1-0;(PLoS_CB_2010)
#=ID;NO_synthase;(Pfam);NO_synthase_LIG_0-2;(PLoS_CB_2010)
#=ID;NO_synthase;(Pfam);NO_synthase_LIG_0-0;(PLoS_CB_2010)
#=ID;Menin;(Pfam);Menin_LIG_0-10;(PLoS_CB_2010)
#=ID;Menin;(Pfam);Menin_LIG_0-0;(PLoS_CB_2010)
#=ID;Menin;(Pfam);Menin_LIG_0-2;(PLoS_CB_2010)
#=ID;HORMA;(Pfam);HORMA_LIG_1-0;(PLoS_CB_2010)
#=ID;Mob1_phocein;(Pfam);Mob1_phocein_LIG_1-0;(PLoS_CB_2010)
#=ID;Mob1_phocein;(Pfam);Mob1_phocein_LIG_1-5;(PLoS_CB_2010)
#=ID;Rad60-SLD;(Pfam);Rad60-SLD_LIG_0-14;(PLoS_CB_2010)
#=ID;Rad60-SLD;(Pfam);Rad60-SLD_LIG_0-0;(PLoS_CB_2010)
#=ID;Rad60-SLD;(Pfam);Rad60-SLD_LIG_0-5;(PLoS_CB_2010)
#=ID;Bcl-2;(Pfam);Bcl-2_LIG_1-5;(PLoS_CB_2010)
#=ID;Bcl-2;(Pfam);Bcl-2_LIG_1-4;(PLoS_CB_2010)
#=ID;Bcl-2;(Pfam);Bcl-2_LIG_1-1;(PLoS_CB_2010)
#=ID;Bcl-2;(Pfam);Bcl-2_LIG_1-2;(PLoS_CB_2010)
#=ID;Bcl-2;(Pfam);Bcl-2_LIG_1-0;(PLoS_CB_2010)
#=ID;Bcl-2;(Pfam);Bcl-2_LIG_1-7;(PLoS_CB_2010)
#=ID;14-3-3;(Pfam);14-3-3_LIG_5-0;(PLoS_CB_2010)
#=ID;14-3-3;(Pfam);14-3-3_LIG_5-2;(PLoS_CB_2010)
#=ID;Peptidase_C14;(Pfam);Peptidase_C14_LIG_7-20;(PLoS_CB_2010)
#=ID;Peptidase_C14;(Pfam);Peptidase_C14_LIG_7-0;(PLoS_CB_2010)
#=ID;PCNA_N;(Pfam);PCNA_N_LIG_0-0;(PLoS_CB_2010)
#=ID;PCNA_N;(Pfam);PCNA_N_LIG_0-16;(PLoS_CB_2010)
#=ID;PCNA_N;(Pfam);PCNA_N_LIG_0-26;(PLoS_CB_2010)
#=ID;PCNA_N;(Pfam);PCNA_N_LIG_0-15;(PLoS_CB_2010)
#=ID;PCNA_N;(Pfam);PCNA_N_LIG_0-12;(PLoS_CB_2010)
#=ID;PCNA_N;(Pfam);PCNA_N_LIG_0-1;(PLoS_CB_2010)
#=ID;PCNA_N;(Pfam);PCNA_N_LIG_0-22;(PLoS_CB_2010)
#=ID;PCNA_N;(Pfam);PCNA_N_LIG_0-24;(PLoS_CB_2010)
#=ID;Rep_fac-A_3;(Pfam);Rep_fac-A_3_LIG_0-0;(PLoS_CB_2010)
#=ID;FHA_2;(Pfam);FHA_2_LIG_0-0;(PLoS_CB_2010)
#=ID;FHA_2;(Pfam);FHA_2_LIG_0-5;(PLoS_CB_2010)
#=ID;FHA_2;(Pfam);FHA_2_LIG_0-3;(PLoS_CB_2010)
#=ID;HORMA;(Pfam);HORMA_LIG_0-0;(PLoS_CB_2010)
#=ID;Histone;(Pfam);Histone_LIG_4-0;(PLoS_CB_2010)
#=ID;Histone;(Pfam);Histone_LIG_4-3;(PLoS_CB_2010)
#=ID;Histone;(Pfam);Histone_LIG_4-1;(PLoS_CB_2010)
#=ID;Peptidase_M10;(Pfam);Peptidase_M10_LIG_3-0;(PLoS_CB_2010)
#=ID;Peptidase_M10;(Pfam);Peptidase_M10_LIG_3-54;(PLoS_CB_2010)
#=ID;Peptidase_C14;(Pfam);Peptidase_C14_LIG_0-0;(PLoS_CB_2010)
#=ID;Histone;(Pfam);Histone_LIG_1-0;(PLoS_CB_2010)
#=ID;Histone;(Pfam);Histone_LIG_1-1;(PLoS_CB_2010)
#=ID;Histone;(Pfam);Histone_LIG_1-12;(PLoS_CB_2010)
#=ID;Histone;(Pfam);Histone_LIG_1-7;(PLoS_CB_2010)
#=ID;Histone;(Pfam);Histone_LIG_1-16;(PLoS_CB_2010)
#=ID;Histone;(Pfam);Histone_LIG_1-6;(PLoS_CB_2010)
#=ID;Histone;(Pfam);Histone_LIG_1-4;(PLoS_CB_2010)
#=ID;Histone;(Pfam);Histone_LIG_1-5;(PLoS_CB_2010)
#=ID;Peptidase_S8;(Pfam);Peptidase_S8_LIG_0-0;(PLoS_CB_2010)
#=ID;PHD;(Pfam);PHD_LIG_1-0;(PLoS_CB_2010)
#=ID;PHD;(Pfam);PHD_LIG_1-1;(PLoS_CB_2010)
#=ID;PHD;(Pfam);PHD_LIG_1-3;(PLoS_CB_2010)
#=ID;Hormone_recep;(Pfam);Hormone_recep_LIG_6-0;(PLoS_CB_2010)
#=ID;Hormone_recep;(Pfam);Hormone_recep_LIG_6-10;(PLoS_CB_2010)
#=ID;Hormone_recep;(Pfam);Hormone_recep_LIG_6-4;(PLoS_CB_2010)
#=ID;Hormone_recep;(Pfam);Hormone_recep_LIG_6-3;(PLoS_CB_2010)
#=ID;Hormone_recep;(Pfam);Hormone_recep_LIG_6-1;(PLoS_CB_2010)
#=ID;Hormone_recep;(Pfam);Hormone_recep_LIG_6-9;(PLoS_CB_2010)
#=ID;Hormone_recep;(Pfam);Hormone_recep_LIG_6-11;(PLoS_CB_2010)
#=ID;Hormone_recep;(Pfam);Hormone_recep_LIG_10-0;(PLoS_CB_2010)
#=ID;Hormone_recep;(Pfam);Hormone_recep_LIG_10-17;(PLoS_CB_2010)
#=ID;Hormone_recep;(Pfam);Hormone_recep_LIG_10-21;(PLoS_CB_2010)
#=ID;Hormone_recep;(Pfam);Hormone_recep_LIG_10-4;(PLoS_CB_2010)
#=ID;Hormone_recep;(Pfam);Hormone_recep_LIG_10-3;(PLoS_CB_2010)
#=ID;Hormone_recep;(Pfam);Hormone_recep_LIG_10-11;(PLoS_CB_2010)
#=ID;Hormone_recep;(Pfam);Hormone_recep_LIG_10-10;(PLoS_CB_2010)
#=ID;Hormone_recep;(Pfam);Hormone_recep_LIG_10-24;(PLoS_CB_2010)
#=ID;Hormone_recep;(Pfam);Hormone_recep_LIG_10-1;(PLoS_CB_2010)
#=ID;Hormone_recep;(Pfam);Hormone_recep_LIG_10-7;(PLoS_CB_2010)
#=ID;Hormone_recep;(Pfam);Hormone_recep_LIG_10-8;(PLoS_CB_2010)
#=ID;Hormone_recep;(Pfam);Hormone_recep_LIG_10-13;(PLoS_CB_2010)
#=ID;PWWP;(Pfam);PWWP_LIG_0-0;(PLoS_CB_2010)
#=ID;PWWP;(Pfam);PWWP_LIG_0-28;(PLoS_CB_2010)
#=ID;EF-hand_7;(Pfam);EF-hand_7_LIG_3-0;(PLoS_CB_2010)
#=ID;EF-hand_7;(Pfam);EF-hand_7_LIG_3-12;(PLoS_CB_2010)
#=ID;EF-hand_7;(Pfam);EF-hand_7_LIG_3-4;(PLoS_CB_2010)
#=ID;EF-hand_7;(Pfam);EF-hand_7_LIG_3-3;(PLoS_CB_2010)
#=ID;EF-hand_7;(Pfam);EF-hand_7_LIG_3-8;(PLoS_CB_2010)
#=ID;EF-hand_7;(Pfam);EF-hand_7_LIG_3-1;(PLoS_CB_2010)
#=ID;EF-hand_7;(Pfam);EF-hand_7_LIG_3-11;(PLoS_CB_2010)
#=ID;EF-hand_7;(Pfam);EF-hand_7_LIG_3-16;(PLoS_CB_2010)
#=ID;Chromo;(Pfam);Chromo_LIG_3-0;(PLoS_CB_2010)
#=ID;DNA_RNApol_7kD;(Pfam);DNA_RNApol_7kD_LIG_1-0;(PLoS_CB_2010)
#=ID;Cupin_8;(Pfam);Cupin_8_LIG_0-0;(PLoS_CB_2010)
#=ID;Cupin_8;(Pfam);Cupin_8_LIG_0-67;(PLoS_CB_2010)
#=ID;Cupin_8;(Pfam);Cupin_8_LIG_0-46;(PLoS_CB_2010)
#=ID;Cupin_8;(Pfam);Cupin_8_LIG_0-2;(PLoS_CB_2010)
#=ID;Cupin_8;(Pfam);Cupin_8_LIG_0-1;(PLoS_CB_2010)
#=ID;Insulin;(Pfam);Insulin_LIG_6-0;(PLoS_CB_2010)
#=ID;Insulin;(Pfam);Insulin_LIG_6-3;(PLoS_CB_2010)
#=ID;7tm_1;(Pfam);7tm_1_LIG_2-0;(PLoS_CB_2010)
#=ID;7tm_1;(Pfam);7tm_1_LIG_2-1;(PLoS_CB_2010)
#=ID;HEAT_2;(Pfam);HEAT_2_LIG_2-0;(PLoS_CB_2010)
#=ID;Rab5-bind;(Pfam);Rab5-bind_LIG_0-0;(PLoS_CB_2010)
#=ID;Rab5-bind;(Pfam);Rab5-bind_LIG_0-1;(PLoS_CB_2010)
#=ID;CDC48_2;(Pfam);CDC48_2_LIG_1-0;(PLoS_CB_2010)
#=ID;HEAT_2;(Pfam);HEAT_2_LIG_0-1;(PLoS_CB_2010)
#=ID;HEAT_2;(Pfam);HEAT_2_LIG_0-0;(PLoS_CB_2010)
#=ID;HEAT_2;(Pfam);HEAT_2_LIG_0-4;(PLoS_CB_2010)
#=ID;Aminotran_5;(Pfam);Aminotran_5_LIG_0-1;(PLoS_CB_2010)
#=ID;Aminotran_5;(Pfam);Aminotran_5_LIG_0-0;(PLoS_CB_2010)
#=ID;IRS;(Pfam);IRS_LIG_0-0;(PLoS_CB_2010)
#=ID;IRS;(Pfam);IRS_LIG_0-1;(PLoS_CB_2010)
#=ID;DNA_pol3_beta_2;(Pfam);DNA_pol3_beta_2_LIG_2-1;(PLoS_CB_2010)
#=ID;Peptidase_S8;(Pfam);Peptidase_S8_LIG_2-5;(PLoS_CB_2010)
#=ID;Peptidase_S8;(Pfam);Peptidase_S8_LIG_2-7;(PLoS_CB_2010)
#=ID;Peptidase_S8;(Pfam);Peptidase_S8_LIG_2-1;(PLoS_CB_2010)
#=ID;Peptidase_S8;(Pfam);Peptidase_S8_LIG_2-6;(PLoS_CB_2010)
#=ID;Peptidase_S8;(Pfam);Peptidase_S8_LIG_2-0;(PLoS_CB_2010)
#=ID;PTCB-BRCT;(Pfam);PTCB-BRCT_LIG_0-1;(PLoS_CB_2010)
#=ID;PTCB-BRCT;(Pfam);PTCB-BRCT_LIG_0-0;(PLoS_CB_2010)
#=ID;CTD_bind;(Pfam);CTD_bind_LIG_2-0;(PLoS_CB_2010)
#=ID;JmjC;(Pfam);JmjC_LIG_0-0;(PLoS_CB_2010)
#=ID;JmjC;(Pfam);JmjC_LIG_0-14;(PLoS_CB_2010)
#=ID;CAF1C_H4-bd;(Pfam);CAF1C_H4-bd_LIG_2-0;(PLoS_CB_2010)
#=ID;Arm;(Pfam);Arm_LIG_4-0;(PLoS_CB_2010)
#=ID;Arm;(Pfam);Arm_LIG_4-1;(PLoS_CB_2010)
#=ID;Arm;(Pfam);Arm_LIG_4-2;(PLoS_CB_2010)
#=ID;Arm;(Pfam);Arm_LIG_4-24;(PLoS_CB_2010)
#=ID;Arm;(Pfam);Arm_LIG_4-31;(PLoS_CB_2010)
#=ID;Arm;(Pfam);Arm_LIG_4-7;(PLoS_CB_2010)
#=ID;Arm;(Pfam);Arm_LIG_4-5;(PLoS_CB_2010)
#=ID;Arm;(Pfam);Arm_LIG_4-3;(PLoS_CB_2010)
#=ID;DNA_pol3_beta_3;(Pfam);DNA_pol3_beta_3_LIG_0-2;(PLoS_CB_2010)
#=ID;DNA_pol3_beta_3;(Pfam);DNA_pol3_beta_3_LIG_0-0;(PLoS_CB_2010)
#=ID;DNA_pol3_beta_3;(Pfam);DNA_pol3_beta_3_LIG_0-13;(PLoS_CB_2010)
#=ID;DNA_pol3_beta_3;(Pfam);DNA_pol3_beta_3_LIG_0-5;(PLoS_CB_2010)
#=ID;MHC_II_beta;(Pfam);MHC_II_beta_LIG_0-0;(PLoS_CB_2010)
#=ID;Histone;(Pfam);Histone_LIG_5-0;(PLoS_CB_2010)
#=ID;Arm;(Pfam);Arm_LIG_5-0;(PLoS_CB_2010)
#=ID;Arm;(Pfam);Arm_LIG_5-3;(PLoS_CB_2010)
#=ID;Arm;(Pfam);Arm_LIG_5-10;(PLoS_CB_2010)
#=ID;Arm;(Pfam);Arm_LIG_5-7;(PLoS_CB_2010)
#=ID;Arm;(Pfam);Arm_LIG_5-13;(PLoS_CB_2010)
#=ID;Arm;(Pfam);Arm_LIG_5-1;(PLoS_CB_2010)
#=ID;Arm;(Pfam);Arm_LIG_5-16;(PLoS_CB_2010)
#=ID;Arm;(Pfam);Arm_LIG_5-5;(PLoS_CB_2010)
#=ID;Arm;(Pfam);Arm_LIG_5-2;(PLoS_CB_2010)
#=ID;Dynein_light;(Pfam);Dynein_light_LIG_2-0;(PLoS_CB_2010)
#=ID;Dynein_light;(Pfam);Dynein_light_LIG_2-2;(PLoS_CB_2010)
#=ID;Dynein_light;(Pfam);Dynein_light_LIG_2-1;(PLoS_CB_2010)
#=ID;Ig_2;(Pfam);Ig_2_LIG_4-1;(PLoS_CB_2010)
#=ID;Ig_2;(Pfam);Ig_2_LIG_4-0;(PLoS_CB_2010)
#=ID;EF-hand_7;(Pfam);EF-hand_7_LIG_11-7;(PLoS_CB_2010)
#=ID;EF-hand_7;(Pfam);EF-hand_7_LIG_11-0;(PLoS_CB_2010)
#=ID;EF-hand_7;(Pfam);EF-hand_7_LIG_11-1;(PLoS_CB_2010)
#=ID;Histone;(Pfam);Histone_LIG_7-0;(PLoS_CB_2010)
#=ID;Histone;(Pfam);Histone_LIG_6-0;(PLoS_CB_2010)
#=ID;HSP20;(Pfam);HSP20_LIG_2-0;(PLoS_CB_2010)
#=ID;Bromodomain;(Pfam);Bromodomain_LIG_4-56;(PLoS_CB_2010)
#=ID;Bromodomain;(Pfam);Bromodomain_LIG_4-0;(PLoS_CB_2010)
#=ID;Bromodomain;(Pfam);Bromodomain_LIG_4-26;(PLoS_CB_2010)
#=ID;Bromodomain;(Pfam);Bromodomain_LIG_4-31;(PLoS_CB_2010)
#=ID;Bromodomain;(Pfam);Bromodomain_LIG_4-67;(PLoS_CB_2010)
#=ID;Bromodomain;(Pfam);Bromodomain_LIG_4-64;(PLoS_CB_2010)
#=ID;Bromodomain;(Pfam);Bromodomain_LIG_4-35;(PLoS_CB_2010)
#=ID;Bromodomain;(Pfam);Bromodomain_LIG_4-23;(PLoS_CB_2010)
#=ID;Bromodomain;(Pfam);Bromodomain_LIG_4-43;(PLoS_CB_2010)
#=ID;DNA_RNApol_7kD;(Pfam);DNA_RNApol_7kD_LIG_2-1;(PLoS_CB_2010)
#=ID;DNA_RNApol_7kD;(Pfam);DNA_RNApol_7kD_LIG_2-0;(PLoS_CB_2010)
#=ID;ChAPs;(Pfam);ChAPs_LIG_0-0;(PLoS_CB_2010)
#=ID;EF-hand_7;(Pfam);EF-hand_7_LIG_2-1;(PLoS_CB_2010)
#=ID;EF-hand_7;(Pfam);EF-hand_7_LIG_2-0;(PLoS_CB_2010)
#=ID;EF-hand_7;(Pfam);EF-hand_7_LIG_2-2;(PLoS_CB_2010)
#=ID;Bromodomain;(Pfam);Bromodomain_LIG_0-28;(PLoS_CB_2010)
#=ID;Bromodomain;(Pfam);Bromodomain_LIG_0-1;(PLoS_CB_2010)
#=ID;Bromodomain;(Pfam);Bromodomain_LIG_0-0;(PLoS_CB_2010)
#=ID;Bromodomain;(Pfam);Bromodomain_LIG_0-2;(PLoS_CB_2010)
#=ID;Proteasome_A_N;(Pfam);Proteasome_A_N_LIG_5-0;(PLoS_CB_2010)
#=ID;PDZ;(Pfam);PDZ_LIG_2-0;(PLoS_CB_2010)
#=ID;PDZ;(Pfam);PDZ_LIG_2-4;(PLoS_CB_2010)
#=ID;PDZ;(Pfam);PDZ_LIG_2-2;(PLoS_CB_2010)
#=ID;PDZ;(Pfam);PDZ_LIG_2-16;(PLoS_CB_2010)
#=ID;PDZ;(Pfam);PDZ_LIG_2-29;(PLoS_CB_2010)
#=ID;PDZ;(Pfam);PDZ_LIG_2-5;(PLoS_CB_2010)
#=ID;PDZ;(Pfam);PDZ_LIG_2-1;(PLoS_CB_2010)
#=ID;Filamin;(Pfam);Filamin_LIG_1-0;(PLoS_CB_2010)
#=ID;Filamin;(Pfam);Filamin_LIG_1-2;(PLoS_CB_2010)
#=ID;Filamin;(Pfam);Filamin_LIG_1-8;(PLoS_CB_2010)
#=ID;Pkinase;(Pfam);Pkinase_LIG_10-2;(PLoS_CB_2010)
#=ID;Pkinase;(Pfam);Pkinase_LIG_10-0;(PLoS_CB_2010)
#=ID;Pkinase;(Pfam);Pkinase_LIG_10-6;(PLoS_CB_2010)
#=ID;Pkinase;(Pfam);Pkinase_LIG_10-12;(PLoS_CB_2010)
#=ID;Pkinase;(Pfam);Pkinase_LIG_10-1;(PLoS_CB_2010)
#=ID;Chromo_shadow;(Pfam);Chromo_shadow_LIG_0-0;(PLoS_CB_2010)
#=ID;Guanylate_kin;(Pfam);Guanylate_kin_LIG_0-0;(PLoS_CB_2010)
#=ID;Guanylate_kin;(Pfam);Guanylate_kin_LIG_0-1;(PLoS_CB_2010)
#=ID;LSM;(Pfam);LSM_LIG_2-0;(PLoS_CB_2010)
#=ID;LSM;(Pfam);LSM_LIG_2-1;(PLoS_CB_2010)
#=ID;Bcl-2;(Pfam);Bcl-2_LIG_4-0;(PLoS_CB_2010)
#=ID;CAF1C_H4-bd;(Pfam);CAF1C_H4-bd_LIG_0-1;(PLoS_CB_2010)
#=ID;CAF1C_H4-bd;(Pfam);CAF1C_H4-bd_LIG_0-0;(PLoS_CB_2010)
#=ID;14-3-3;(Pfam);14-3-3_LIG_3-6;(PLoS_CB_2010)
#=ID;14-3-3;(Pfam);14-3-3_LIG_3-0;(PLoS_CB_2010)
#=ID;14-3-3;(Pfam);14-3-3_LIG_3-85;(PLoS_CB_2010)
#=ID;14-3-3;(Pfam);14-3-3_LIG_3-60;(PLoS_CB_2010)
#=ID;14-3-3;(Pfam);14-3-3_LIG_3-5;(PLoS_CB_2010)
#=ID;14-3-3;(Pfam);14-3-3_LIG_3-18;(PLoS_CB_2010)
#=ID;14-3-3;(Pfam);14-3-3_LIG_3-19;(PLoS_CB_2010)
#=ID;14-3-3;(Pfam);14-3-3_LIG_3-29;(PLoS_CB_2010)
#=ID;14-3-3;(Pfam);14-3-3_LIG_3-1;(PLoS_CB_2010)
#=ID;14-3-3;(Pfam);14-3-3_LIG_3-49;(PLoS_CB_2010)
#=ID;Pkinase;(Pfam);Pkinase_LIG_0-0;(PLoS_CB_2010)
#=ID;PDZ;(Pfam);PDZ_LIG_6-0;(PLoS_CB_2010)
#=ID;PDZ;(Pfam);PDZ_LIG_6-3;(PLoS_CB_2010)
#=ID;PDZ;(Pfam);PDZ_LIG_6-1;(PLoS_CB_2010)
#=ID;PDZ;(Pfam);PDZ_LIG_6-4;(PLoS_CB_2010)
#=ID;PH_TFIIH;(Pfam);PH_TFIIH_LIG_0-2;(PLoS_CB_2010)
#=ID;PH_TFIIH;(Pfam);PH_TFIIH_LIG_0-0;(PLoS_CB_2010)
#=ID;PH_TFIIH;(Pfam);PH_TFIIH_LIG_0-1;(PLoS_CB_2010)
#=ID;Proteasome_A_N;(Pfam);Proteasome_A_N_LIG_6-0;(PLoS_CB_2010)
#=ID;RB_B;(Pfam);RB_B_LIG_0-0;(PLoS_CB_2010)
#=ID;Ribonuc_red_lgC;(Pfam);Ribonuc_red_lgC_LIG_4-2;(PLoS_CB_2010)
#=ID;Ribonuc_red_lgC;(Pfam);Ribonuc_red_lgC_LIG_4-0;(PLoS_CB_2010)
#=ID;EABR;(Pfam);EABR_LIG_0-0;(PLoS_CB_2010)
#=ID;EABR;(Pfam);EABR_LIG_0-3;(PLoS_CB_2010)
#=ID;HRM;(Pfam);HRM_LIG_2-1;(PLoS_CB_2010)
#=ID;HRM;(Pfam);HRM_LIG_2-0;(PLoS_CB_2010)
#=ID;HRM;(Pfam);HRM_LIG_2-2;(PLoS_CB_2010)
#=ID;IF4E;(Pfam);IF4E_LIG_1-3;(PLoS_CB_2010)
#=ID;IF4E;(Pfam);IF4E_LIG_1-0;(PLoS_CB_2010)
#=ID;IF4E;(Pfam);IF4E_LIG_1-2;(PLoS_CB_2010)
#=ID;ANAPC3;(Pfam);ANAPC3_LIG_0-0;(PLoS_CB_2010)
#=ID;MATH;(Pfam);MATH_LIG_0-1;(PLoS_CB_2010)
#=ID;MATH;(Pfam);MATH_LIG_0-0;(PLoS_CB_2010)
#=ID;MitMem_reg;(Pfam);MitMem_reg_LIG_1-0;(PLoS_CB_2010)
#=ID;Csm1;(Pfam);Csm1_LIG_2-0;(PLoS_CB_2010)
#=ID;Peptidase_M16_C;(Pfam);Peptidase_M16_C_LIG_2-0;(PLoS_CB_2010)
#=ID;Acetyltransf_1;(Pfam);Acetyltransf_1_LIG_3-0;(PLoS_CB_2010)
#=ID;DUF1325;(Pfam);DUF1325_LIG_0-0;(PLoS_CB_2010)
#=ID;muHD;(Pfam);muHD_LIG_0-0;(PLoS_CB_2010)
#=ID;14-3-3;(Pfam);14-3-3_LIG_1-0;(PLoS_CB_2010)
#=ID;14-3-3;(Pfam);14-3-3_LIG_1-12;(PLoS_CB_2010)
#=ID;14-3-3;(Pfam);14-3-3_LIG_1-1;(PLoS_CB_2010)
#=ID;14-3-3;(Pfam);14-3-3_LIG_1-4;(PLoS_CB_2010)
#=ID;Ribonuc_red_lgC;(Pfam);Ribonuc_red_lgC_LIG_2-0;(PLoS_CB_2010)
#=ID;AAA;(Pfam);AAA_LIG_8-9;(PLoS_CB_2010)
#=ID;AAA;(Pfam);AAA_LIG_8-0;(PLoS_CB_2010)
#=ID;LAMTOR5;(Pfam);LAMTOR5_LIG_1-0;(PLoS_CB_2010)
#=ID;LAMTOR5;(Pfam);LAMTOR5_LIG_1-1;(PLoS_CB_2010)
#=ID;BRCT;(Pfam);BRCT_LIG_3-0;(PLoS_CB_2010)
#=ID;BRCT;(Pfam);BRCT_LIG_3-2;(PLoS_CB_2010)
#=ID;BRCT;(Pfam);BRCT_LIG_3-1;(PLoS_CB_2010)
#=ID;BRCT;(Pfam);BRCT_LIG_3-5;(PLoS_CB_2010)
#=ID;CiPC;(Pfam);CiPC_LIG_0-0;(PLoS_CB_2010)
#=ID;CiPC;(Pfam);CiPC_LIG_0-1;(PLoS_CB_2010)
#=ID;Pkinase;(Pfam);Pkinase_LIG_1-0;(PLoS_CB_2010)
#=ID;ATP-synt;(Pfam);ATP-synt_LIG_1-0;(PLoS_CB_2010)
#=ID;CbiA;(Pfam);CbiA_LIG_2-0;(PLoS_CB_2010)
#=ID;NAGidase;(Pfam);NAGidase_LIG_0-0;(PLoS_CB_2010)
#=ID;Response_reg;(Pfam);Response_reg_LIG_2-0;(PLoS_CB_2010)
#=ID;IATP;(Pfam);IATP_LIG_0-2;(PLoS_CB_2010)
#=ID;IATP;(Pfam);IATP_LIG_0-1;(PLoS_CB_2010)
#=ID;Proteasome_A_N;(Pfam);Proteasome_A_N_LIG_1-0;(PLoS_CB_2010)
#=ID;Proteasome_A_N;(Pfam);Proteasome_A_N_LIG_1-1;(PLoS_CB_2010)
#=ID;FERM_C;(Pfam);FERM_C_LIG_0-1;(PLoS_CB_2010)
#=ID;FERM_C;(Pfam);FERM_C_LIG_0-0;(PLoS_CB_2010)
#=ID;AdenylateSensor;(Pfam);AdenylateSensor_LIG_4-0;(PLoS_CB_2010)
#=ID;AdenylateSensor;(Pfam);AdenylateSensor_LIG_4-16;(PLoS_CB_2010)
#=ID;AdenylateSensor;(Pfam);AdenylateSensor_LIG_4-8;(PLoS_CB_2010)
#=ID;NDUFA12;(Pfam);NDUFA12_LIG_0-0;(PLoS_CB_2010)
#=ID;MHC_II_alpha;(Pfam);MHC_II_alpha_LIG_2-0;(PLoS_CB_2010)
#=ID;MHC_II_alpha;(Pfam);MHC_II_alpha_LIG_2-6;(PLoS_CB_2010)
#=ID;MHC_II_alpha;(Pfam);MHC_II_alpha_LIG_2-80;(PLoS_CB_2010)
#=ID;MitMem_reg;(Pfam);MitMem_reg_LIG_49-0;(PLoS_CB_2010)
#=ID;Ank_2;(Pfam);Ank_2_LIG_3-0;(PLoS_CB_2010)
#=ID;Ank_2;(Pfam);Ank_2_LIG_3-1;(PLoS_CB_2010)
#=ID;Ank_2;(Pfam);Ank_2_LIG_3-3;(PLoS_CB_2010)
#=ID;DSPn;(Pfam);DSPn_LIG_1-0;(PLoS_CB_2010)
#=ID;EF-hand_7;(Pfam);EF-hand_7_LIG_8-1;(PLoS_CB_2010)
#=ID;EF-hand_7;(Pfam);EF-hand_7_LIG_8-0;(PLoS_CB_2010)
#=ID;EF-hand_7;(Pfam);EF-hand_7_LIG_8-3;(PLoS_CB_2010)
#=ID;EF-hand_7;(Pfam);EF-hand_7_LIG_8-5;(PLoS_CB_2010)
#=ID;Recep_L_domain;(Pfam);Recep_L_domain_LIG_0-0;(PLoS_CB_2010)
#=ID;Recep_L_domain;(Pfam);Recep_L_domain_LIG_0-1;(PLoS_CB_2010)
#=ID;NTF2;(Pfam);NTF2_LIG_2-0;(PLoS_CB_2010)
#=ID;NTF2;(Pfam);NTF2_LIG_2-10;(PLoS_CB_2010)
#=ID;NTF2;(Pfam);NTF2_LIG_2-2;(PLoS_CB_2010)
#=ID;Ephrin_lbd;(Pfam);Ephrin_lbd_LIG_0-0;(PLoS_CB_2010)
#=ID;Ephrin_lbd;(Pfam);Ephrin_lbd_LIG_0-1;(PLoS_CB_2010)
#=ID;Ion_trans;(Pfam);Ion_trans_LIG_6-0;(PLoS_CB_2010)
#=ID;MRG;(Pfam);MRG_LIG_0-0;(PLoS_CB_2010)
#=ID;Ribosomal_L13e;(Pfam);Ribosomal_L13e_LIG_1-0;(PLoS_CB_2010)
#=ID;Ribosomal_L13e;(Pfam);Ribosomal_L13e_LIG_1-4;(PLoS_CB_2010)
#=ID;EB1;(Pfam);EB1_LIG_2-1;(PLoS_CB_2010)
#=ID;EB1;(Pfam);EB1_LIG_2-0;(PLoS_CB_2010)
#=ID;EB1;(Pfam);EB1_LIG_2-2;(PLoS_CB_2010)
#=ID;Kelch_1;(Pfam);Kelch_1_LIG_0-2;(PLoS_CB_2010)
#=ID;Kelch_1;(Pfam);Kelch_1_LIG_0-0;(PLoS_CB_2010)
#=ID;Ribosomal_L19;(Pfam);Ribosomal_L19_LIG_0-0;(PLoS_CB_2010)
#=ID;Ribosomal_L19;(Pfam);Ribosomal_L19_LIG_0-4;(PLoS_CB_2010)
#=ID;Ribosomal_L19;(Pfam);Ribosomal_L19_LIG_0-1;(PLoS_CB_2010)
#=ID;BCL9;(Pfam);BCL9_LIG_0-0;(PLoS_CB_2010)
#=ID;BCL9;(Pfam);BCL9_LIG_0-1;(PLoS_CB_2010)
#=ID;Ribosomal_L12_N;(Pfam);Ribosomal_L12_N_LIG_1-0;(PLoS_CB_2010)
#=ID;Ribosomal_L12_N;(Pfam);Ribosomal_L12_N_LIG_1-43;(PLoS_CB_2010)
#=ID;Ribosomal_L12_N;(Pfam);Ribosomal_L12_N_LIG_1-1;(PLoS_CB_2010)
#=ID;Ribosomal_L13e;(Pfam);Ribosomal_L13e_LIG_6-0;(PLoS_CB_2010)
#=ID;Ribosomal_L13e;(Pfam);Ribosomal_L13e_LIG_6-2;(PLoS_CB_2010)
#=ID;Agenet;(Pfam);Agenet_LIG_0-0;(PLoS_CB_2010)
#=ID;Ribosomal_L4;(Pfam);Ribosomal_L4_LIG_4-0;(PLoS_CB_2010)
#=ID;MA3;(Pfam);MA3_LIG_0-0;(PLoS_CB_2010)
#=ID;Ribosomal_L18A;(Pfam);Ribosomal_L18A_LIG_2-0;(PLoS_CB_2010)
#=ID;Ribosomal_L30_N;(Pfam);Ribosomal_L30_N_LIG_0-0;(PLoS_CB_2010)
#=ID;Ribosomal_L30_N;(Pfam);Ribosomal_L30_N_LIG_0-1;(PLoS_CB_2010)
#=ID;Ribosomal_L30_N;(Pfam);Ribosomal_L30_N_LIG_0-2;(PLoS_CB_2010)
#=ID;AAA;(Pfam);AAA_LIG_3-0;(PLoS_CB_2010)
#=ID;C1-set;(Pfam);C1-set_LIG_0-0;(PLoS_CB_2010)
#=ID;MAPKK1_Int;(Pfam);MAPKK1_Int_LIG_0-0;(PLoS_CB_2010)
#=ID;MitMem_reg;(Pfam);MitMem_reg_LIG_2-0;(PLoS_CB_2010)
#=ID;MIT;(Pfam);MIT_LIG_1-0;(PLoS_CB_2010)
#=ID;BET;(Pfam);BET_LIG_0-0;(PLoS_CB_2010)
#=ID;BET;(Pfam);BET_LIG_0-2;(PLoS_CB_2010)
#=ID;Chromo;(Pfam);Chromo_LIG_4-0;(PLoS_CB_2010)
#=ID;Tudor_2;(Pfam);Tudor_2_LIG_0-0;(PLoS_CB_2010)
#=ID;Cpn60_TCP1;(Pfam);Cpn60_TCP1_LIG_2-0;(PLoS_CB_2010)
#=ID;Proteasom_Rpn13;(Pfam);Proteasom_Rpn13_LIG_0-65;(PLoS_CB_2010)
#=ID;Proteasom_Rpn13;(Pfam);Proteasom_Rpn13_LIG_0-0;(PLoS_CB_2010)
#=ID;Proteasom_Rpn13;(Pfam);Proteasom_Rpn13_LIG_0-3;(PLoS_CB_2010)
#=ID;PABP;(Pfam);PABP_LIG_0-0;(PLoS_CB_2010)
#=ID;PABP;(Pfam);PABP_LIG_0-1;(PLoS_CB_2010)
#=ID;Rab5-bind;(Pfam);Rab5-bind_LIG_1-0;(PLoS_CB_2010)
#=ID;ICAP-1_inte_bdg;(Pfam);ICAP-1_inte_bdg_LIG_1-0;(PLoS_CB_2010)
#=ID;ICAP-1_inte_bdg;(Pfam);ICAP-1_inte_bdg_LIG_1-7;(PLoS_CB_2010)
#=ID;ICAP-1_inte_bdg;(Pfam);ICAP-1_inte_bdg_LIG_1-6;(PLoS_CB_2010)
#=ID;EnY2;(Pfam);EnY2_LIG_2-0;(PLoS_CB_2010)
#=ID;Cbl_N3;(Pfam);Cbl_N3_LIG_0-0;(PLoS_CB_2010)
#=ID;Cbl_N3;(Pfam);Cbl_N3_LIG_0-1;(PLoS_CB_2010)
#=ID;Cbl_N3;(Pfam);Cbl_N3_LIG_0-20;(PLoS_CB_2010)
#=ID;Cbl_N3;(Pfam);Cbl_N3_LIG_0-21;(PLoS_CB_2010)
#=ID;ASF1_hist_chap;(Pfam);ASF1_hist_chap_LIG_1-0;(PLoS_CB_2010)
#=ID;ASF1_hist_chap;(Pfam);ASF1_hist_chap_LIG_1-1;(PLoS_CB_2010)
#=ID;Cullin;(Pfam);Cullin_LIG_2-0;(PLoS_CB_2010)
#=ID;Hormone_recep;(Pfam);Hormone_recep_LIG_1-0;(PLoS_CB_2010)
#=ID;Hormone_recep;(Pfam);Hormone_recep_LIG_1-3;(PLoS_CB_2010)
#=ID;NADHdh;(Pfam);NADHdh_LIG_8-0;(PLoS_CB_2010)
#=ID;NADHdh;(Pfam);NADHdh_LIG_8-1;(PLoS_CB_2010)
#=ID;Ribosomal_S10;(Pfam);Ribosomal_S10_LIG_2-0;(PLoS_CB_2010)
#=ID;Ribosomal_S10;(Pfam);Ribosomal_S10_LIG_2-1;(PLoS_CB_2010)
#=ID;Ribosomal_S10;(Pfam);Ribosomal_S10_LIG_2-2;(PLoS_CB_2010)
#=ID;Ribosomal_S10;(Pfam);Ribosomal_S10_LIG_2-3;(PLoS_CB_2010)
#=ID;PWWP;(Pfam);PWWP_LIG_2-0;(PLoS_CB_2010)
#=ID;PWWP;(Pfam);PWWP_LIG_2-1;(PLoS_CB_2010)
#=ID;MotA_ExbB;(Pfam);MotA_ExbB_LIG_0-0;(PLoS_CB_2010)
#=ID;Cpn60_TCP1;(Pfam);Cpn60_TCP1_LIG_3-0;(PLoS_CB_2010)
#=ID;B56;(Pfam);B56_LIG_1-0;(PLoS_CB_2010)
#=ID;PAH;(Pfam);PAH_LIG_0-0;(PLoS_CB_2010)
#=ID;Ribosomal_S17;(Pfam);Ribosomal_S17_LIG_4-1;(PLoS_CB_2010)
#=ID;Ribosomal_S17;(Pfam);Ribosomal_S17_LIG_4-0;(PLoS_CB_2010)
#=ID;Ribosomal_S17;(Pfam);Ribosomal_S17_LIG_4-2;(PLoS_CB_2010)
#=ID;Mob1_phocein;(Pfam);Mob1_phocein_LIG_0-0;(PLoS_CB_2010)
#=ID;MAPKK1_Int;(Pfam);MAPKK1_Int_LIG_1-0;(PLoS_CB_2010)
#=ID;PDGF;(Pfam);PDGF_LIG_2-0;(PLoS_CB_2010)
#=ID;PDGF;(Pfam);PDGF_LIG_2-1;(PLoS_CB_2010)
#=ID;Alfin;(Pfam);Alfin_LIG_0-0;(PLoS_CB_2010)
#=ID;GYF;(Pfam);GYF_LIG_0-1;(PLoS_CB_2010)
#=ID;GYF;(Pfam);GYF_LIG_0-0;(PLoS_CB_2010)
#=ID;GYF;(Pfam);GYF_LIG_0-10;(PLoS_CB_2010)
#=ID;GYF;(Pfam);GYF_LIG_0-6;(PLoS_CB_2010)
#=ID;Glycos_transf_2;(Pfam);Glycos_transf_2_LIG_0-0;(PLoS_CB_2010)
#=ID;Ribosomal_S8;(Pfam);Ribosomal_S8_LIG_2-0;(PLoS_CB_2010)
#=ID;RIIa;(Pfam);RIIa_LIG_0-0;(PLoS_CB_2010)
#=ID;RNA_pol_L;(Pfam);RNA_pol_L_LIG_1-0;(PLoS_CB_2010)
#=ID;LAMTOR5;(Pfam);LAMTOR5_LIG_0-0;(PLoS_CB_2010)
#=ID;LAMTOR5;(Pfam);LAMTOR5_LIG_0-1;(PLoS_CB_2010)
#=ID;LAMTOR5;(Pfam);LAMTOR5_LIG_0-5;(PLoS_CB_2010)
#=ID;LAMTOR5;(Pfam);LAMTOR5_LIG_0-9;(PLoS_CB_2010)
#=ID;RNA_pol_L;(Pfam);RNA_pol_L_LIG_9-0;(PLoS_CB_2010)
#=ID;RNA_pol_L;(Pfam);RNA_pol_L_LIG_9-2;(PLoS_CB_2010)
#=ID;EABR;(Pfam);EABR_LIG_2-0;(PLoS_CB_2010)
#=ID;RPN1_RPN2_N;(Pfam);RPN1_RPN2_N_LIG_1-0;(PLoS_CB_2010)
#=ID;RPN1_RPN2_N;(Pfam);RPN1_RPN2_N_LIG_1-1;(PLoS_CB_2010)
#=ID;RPN1_RPN2_N;(Pfam);RPN1_RPN2_N_LIG_1-6;(PLoS_CB_2010)
#=ID;Ribosomal_S17e;(Pfam);Ribosomal_S17e_LIG_2-0;(PLoS_CB_2010)
#=ID;Alfin;(Pfam);Alfin_LIG_1-0;(PLoS_CB_2010)
#=ID;RTT107_BRCT_5;(Pfam);RTT107_BRCT_5_LIG_0-0;(PLoS_CB_2010)
#=ID;RNA_pol_Rpb2_7;(Pfam);RNA_pol_Rpb2_7_LIG_3-0;(PLoS_CB_2010)
#=ID;RNA_pol_Rpb2_7;(Pfam);RNA_pol_Rpb2_7_LIG_3-3;(PLoS_CB_2010)
#=ID;RNA_pol_Rpb2_7;(Pfam);RNA_pol_Rpb2_7_LIG_3-8;(PLoS_CB_2010)
#=ID;MATH;(Pfam);MATH_LIG_1-1;(PLoS_CB_2010)
#=ID;MATH;(Pfam);MATH_LIG_1-0;(PLoS_CB_2010)
#=ID;Sec1;(Pfam);Sec1_LIG_2-0;(PLoS_CB_2010)
#=ID;ATP-synt;(Pfam);ATP-synt_LIG_2-0;(PLoS_CB_2010)
#=ID;LSM;(Pfam);LSM_LIG_3-0;(PLoS_CB_2010)
#=ID;PDZ;(Pfam);PDZ_LIG_3-0;(PLoS_CB_2010)
#=ID;Bromodomain;(Pfam);Bromodomain_LIG_5-0;(PLoS_CB_2010)
#=ID;SET;(Pfam);SET_LIG_3-5;(PLoS_CB_2010)
#=ID;SET;(Pfam);SET_LIG_3-0;(PLoS_CB_2010)
#=ID;SET;(Pfam);SET_LIG_3-23;(PLoS_CB_2010)
#=ID;SET;(Pfam);SET_LIG_3-12;(PLoS_CB_2010)
#=ID;S4;(Pfam);S4_LIG_0-0;(PLoS_CB_2010)
#=ID;S4;(Pfam);S4_LIG_0-1;(PLoS_CB_2010)
#=ID;fn1;(Pfam);fn1_LIG_0-0;(PLoS_CB_2010)
#=ID;Gtr1_RagA;(Pfam);Gtr1_RagA_LIG_0-0;(PLoS_CB_2010)
#=ID;Gtr1_RagA;(Pfam);Gtr1_RagA_LIG_0-29;(PLoS_CB_2010)
#=ID;RNase_PH;(Pfam);RNase_PH_LIG_2-0;(PLoS_CB_2010)
#=ID;RNase_PH;(Pfam);RNase_PH_LIG_2-2;(PLoS_CB_2010)
#=ID;RRM_1;(Pfam);RRM_1_LIG_0-16;(PLoS_CB_2010)
#=ID;RRM_1;(Pfam);RRM_1_LIG_0-0;(PLoS_CB_2010)
#=ID;RRM_1;(Pfam);RRM_1_LIG_0-1;(PLoS_CB_2010)
#=ID;RRM_1;(Pfam);RRM_1_LIG_0-3;(PLoS_CB_2010)
#=ID;CH;(Pfam);CH_LIG_1-0;(PLoS_CB_2010)
#=ID;CH;(Pfam);CH_LIG_1-2;(PLoS_CB_2010)
#=ID;ICAP-1_inte_bdg;(Pfam);ICAP-1_inte_bdg_LIG_2-0;(PLoS_CB_2010)
#=ID;ICAP-1_inte_bdg;(Pfam);ICAP-1_inte_bdg_LIG_2-3;(PLoS_CB_2010)
#=ID;ICAP-1_inte_bdg;(Pfam);ICAP-1_inte_bdg_LIG_2-68;(PLoS_CB_2010)
#=ID;SH3_1;(Pfam);SH3_1_LIG_3-0;(PLoS_CB_2010)
#=ID;SH3_1;(Pfam);SH3_1_LIG_3-3;(PLoS_CB_2010)
#=ID;SH3_1;(Pfam);SH3_1_LIG_3-1;(PLoS_CB_2010)
#=ID;Insulin;(Pfam);Insulin_LIG_2-0;(PLoS_CB_2010)
#=ID;SH2;(Pfam);SH2_LIG_4-6;(PLoS_CB_2010)
#=ID;SH2;(Pfam);SH2_LIG_4-20;(PLoS_CB_2010)
#=ID;SH2;(Pfam);SH2_LIG_4-2;(PLoS_CB_2010)
#=ID;SH2;(Pfam);SH2_LIG_4-0;(PLoS_CB_2010)
#=ID;SH2;(Pfam);SH2_LIG_4-11;(PLoS_CB_2010)
#=ID;SH2;(Pfam);SH2_LIG_4-7;(PLoS_CB_2010)
#=ID;SH2;(Pfam);SH2_LIG_4-9;(PLoS_CB_2010)
#=ID;SH2;(Pfam);SH2_LIG_4-15;(PLoS_CB_2010)
#=ID;SH2;(Pfam);SH2_LIG_4-16;(PLoS_CB_2010)
#=ID;SH2;(Pfam);SH2_LIG_4-25;(PLoS_CB_2010)
#=ID;SH2;(Pfam);SH2_LIG_4-13;(PLoS_CB_2010)
#=ID;SH2;(Pfam);SH2_LIG_4-1;(PLoS_CB_2010)
#=ID;SH2;(Pfam);SH2_LIG_4-8;(PLoS_CB_2010)
#=ID;SH3_1;(Pfam);SH3_1_LIG_4-3;(PLoS_CB_2010)
#=ID;SH3_1;(Pfam);SH3_1_LIG_4-0;(PLoS_CB_2010)
#=ID;SH3_1;(Pfam);SH3_1_LIG_4-18;(PLoS_CB_2010)
#=ID;SH3_1;(Pfam);SH3_1_LIG_4-2;(PLoS_CB_2010)
#=ID;SH3_1;(Pfam);SH3_1_LIG_4-45;(PLoS_CB_2010)
#=ID;SH3_1;(Pfam);SH3_1_LIG_4-52;(PLoS_CB_2010)
#=ID;SH3_1;(Pfam);SH3_1_LIG_4-20;(PLoS_CB_2010)
#=ID;SH3_1;(Pfam);SH3_1_LIG_4-1;(PLoS_CB_2010)
#=ID;SH3_1;(Pfam);SH3_1_LIG_4-39;(PLoS_CB_2010)
#=ID;Peptidase_C14;(Pfam);Peptidase_C14_LIG_2-0;(PLoS_CB_2010)
#=ID;SH3_2;(Pfam);SH3_2_LIG_2-0;(PLoS_CB_2010)
#=ID;Ephrin_lbd;(Pfam);Ephrin_lbd_LIG_3-0;(PLoS_CB_2010)
#=ID;SH3_2;(Pfam);SH3_2_LIG_0-0;(PLoS_CB_2010)
#=ID;C1-set;(Pfam);C1-set_LIG_1-0;(PLoS_CB_2010)
#=ID;Ribosomal_L30;(Pfam);Ribosomal_L30_LIG_0-0;(PLoS_CB_2010)
#=ID;FERM_M;(Pfam);FERM_M_LIG_1-0;(PLoS_CB_2010)
#=ID;SH3_9;(Pfam);SH3_9_LIG_0-0;(PLoS_CB_2010)
#=ID;SH3_9;(Pfam);SH3_9_LIG_0-8;(PLoS_CB_2010)
#=ID;SH3_9;(Pfam);SH3_9_LIG_0-5;(PLoS_CB_2010)
#=ID;SH3_9;(Pfam);SH3_9_LIG_0-3;(PLoS_CB_2010)
#=ID;Med18;(Pfam);Med18_LIG_2-0;(PLoS_CB_2010)
#=ID;SIR2;(Pfam);SIR2_LIG_1-9;(PLoS_CB_2010)
#=ID;SIR2;(Pfam);SIR2_LIG_1-0;(PLoS_CB_2010)
#=ID;SIR2;(Pfam);SIR2_LIG_1-3;(PLoS_CB_2010)
#=ID;SIR2;(Pfam);SIR2_LIG_1-1;(PLoS_CB_2010)
#=ID;SIR2;(Pfam);SIR2_LIG_1-4;(PLoS_CB_2010)
#=ID;SIR2;(Pfam);SIR2_LIG_1-11;(PLoS_CB_2010)
#=ID;SHS2_Rpb7-N;(Pfam);SHS2_Rpb7-N_LIG_4-0;(PLoS_CB_2010)
#=ID;SHS2_Rpb7-N;(Pfam);SHS2_Rpb7-N_LIG_4-12;(PLoS_CB_2010)
#=ID;SHS2_Rpb7-N;(Pfam);SHS2_Rpb7-N_LIG_4-9;(PLoS_CB_2010)
#=ID;Sina;(Pfam);Sina_LIG_0-1;(PLoS_CB_2010)
#=ID;Sina;(Pfam);Sina_LIG_0-0;(PLoS_CB_2010)
#=ID;Sina;(Pfam);Sina_LIG_0-2;(PLoS_CB_2010)
#=ID;Spc24;(Pfam);Spc24_LIG_4-0;(PLoS_CB_2010)
#=ID;Spc24;(Pfam);Spc24_LIG_4-1;(PLoS_CB_2010)
#=ID;Ribosomal_S19;(Pfam);Ribosomal_S19_LIG_0-0;(PLoS_CB_2010)
#=ID;MIT;(Pfam);MIT_LIG_0-0;(PLoS_CB_2010)
#=ID;Ribosomal_L15e;(Pfam);Ribosomal_L15e_LIG_0-0;(PLoS_CB_2010)
#=ID;SUFU;(Pfam);SUFU_LIG_0-0;(PLoS_CB_2010)
#=ID;SH2;(Pfam);SH2_LIG_2-0;(PLoS_CB_2010)
#=ID;Cupin_4;(Pfam);Cupin_4_LIG_0-5;(PLoS_CB_2010)
#=ID;Cupin_4;(Pfam);Cupin_4_LIG_0-0;(PLoS_CB_2010)
#=ID;Cupin_4;(Pfam);Cupin_4_LIG_0-29;(PLoS_CB_2010)
#=ID;Cupin_4;(Pfam);Cupin_4_LIG_0-1;(PLoS_CB_2010)
#=ID;Cupin_4;(Pfam);Cupin_4_LIG_0-9;(PLoS_CB_2010)
#=ID;NEMO;(Pfam);NEMO_LIG_0-0;(PLoS_CB_2010)
#=ID;BRCT;(Pfam);BRCT_LIG_2-0;(PLoS_CB_2010)
#=ID;BRCT;(Pfam);BRCT_LIG_2-2;(PLoS_CB_2010)
#=ID;BRCT;(Pfam);BRCT_LIG_2-7;(PLoS_CB_2010)
#=ID;EF-hand_4;(Pfam);EF-hand_4_LIG_0-0;(PLoS_CB_2010)
#=ID;EF-hand_4;(Pfam);EF-hand_4_LIG_0-4;(PLoS_CB_2010)
#=ID;SUFU_C;(Pfam);SUFU_C_LIG_1-0;(PLoS_CB_2010)
#=ID;SPRY;(Pfam);SPRY_LIG_0-0;(PLoS_CB_2010)
#=ID;NifU_N;(Pfam);NifU_N_LIG_3-0;(PLoS_CB_2010)
#=ID;NifU_N;(Pfam);NifU_N_LIG_3-9;(PLoS_CB_2010)
#=ID;SYF2;(Pfam);SYF2_LIG_1-0;(PLoS_CB_2010)
#=ID;SYF2;(Pfam);SYF2_LIG_1-1;(PLoS_CB_2010)
#=ID;SYF2;(Pfam);SYF2_LIG_1-2;(PLoS_CB_2010)
#=ID;SWIB;(Pfam);SWIB_LIG_1-0;(PLoS_CB_2010)
#=ID;SWIB;(Pfam);SWIB_LIG_1-1;(PLoS_CB_2010)
#=ID;RNA_pol_Rpb2_7;(Pfam);RNA_pol_Rpb2_7_LIG_1-0;(PLoS_CB_2010)
#=ID;Spin-Ssty;(Pfam);Spin-Ssty_LIG_0-0;(PLoS_CB_2010)
#=ID;Ribosomal_S5_C;(Pfam);Ribosomal_S5_C_LIG_2-0;(PLoS_CB_2010)
#=ID;HSP70;(Pfam);HSP70_LIG_2-9;(PLoS_CB_2010)
#=ID;HSP70;(Pfam);HSP70_LIG_2-0;(PLoS_CB_2010)
#=ID;HSP70;(Pfam);HSP70_LIG_2-7;(PLoS_CB_2010)
#=ID;Pkinase;(Pfam);Pkinase_LIG_9-0;(PLoS_CB_2010)
#=ID;Syntaxin;(Pfam);Syntaxin_LIG_0-0;(PLoS_CB_2010)
#=ID;SIR2;(Pfam);SIR2_LIG_2-0;(PLoS_CB_2010)
#=ID;SIR2;(Pfam);SIR2_LIG_2-27;(PLoS_CB_2010)
#=ID;SIR2;(Pfam);SIR2_LIG_2-1;(PLoS_CB_2010)
#=ID;SIR2;(Pfam);SIR2_LIG_2-3;(PLoS_CB_2010)
#=ID;SIR2;(Pfam);SIR2_LIG_2-21;(PLoS_CB_2010)
#=ID;TNF;(Pfam);TNF_LIG_6-0;(PLoS_CB_2010)
#=ID;RNase_PH;(Pfam);RNase_PH_LIG_5-0;(PLoS_CB_2010)
#=ID;TPR_1;(Pfam);TPR_1_LIG_2-3;(PLoS_CB_2010)
#=ID;TPR_1;(Pfam);TPR_1_LIG_2-1;(PLoS_CB_2010)
#=ID;TPR_1;(Pfam);TPR_1_LIG_2-0;(PLoS_CB_2010)
#=ID;TPR_1;(Pfam);TPR_1_LIG_2-22;(PLoS_CB_2010)
#=ID;BTB_2;(Pfam);BTB_2_LIG_0-0;(PLoS_CB_2010)
#=ID;SWIRM-assoc_1;(Pfam);SWIRM-assoc_1_LIG_0-0;(PLoS_CB_2010)
#=ID;SWIRM-assoc_1;(Pfam);SWIRM-assoc_1_LIG_0-2;(PLoS_CB_2010)
#=ID;SWIRM-assoc_1;(Pfam);SWIRM-assoc_1_LIG_0-3;(PLoS_CB_2010)
#=ID;Peptidase_M1;(Pfam);Peptidase_M1_LIG_0-0;(PLoS_CB_2010)
#=ID;TPR_12;(Pfam);TPR_12_LIG_1-0;(PLoS_CB_2010)
#=ID;TPR_12;(Pfam);TPR_12_LIG_1-7;(PLoS_CB_2010)
#=ID;TPR_8;(Pfam);TPR_8_LIG_0-0;(PLoS_CB_2010)
#=ID;TPR_8;(Pfam);TPR_8_LIG_0-1;(PLoS_CB_2010)
#=ID;SUFU_C;(Pfam);SUFU_C_LIG_0-0;(PLoS_CB_2010)
#=ID;Tropomyosin;(Pfam);Tropomyosin_LIG_4-0;(PLoS_CB_2010)
#=ID;Tropomyosin;(Pfam);Tropomyosin_LIG_4-1;(PLoS_CB_2010)
#=ID;TPR_7;(Pfam);TPR_7_LIG_1-0;(PLoS_CB_2010)
#=ID;TPR_12;(Pfam);TPR_12_LIG_0-0;(PLoS_CB_2010)
#=ID;Toprim;(Pfam);Toprim_LIG_0-0;(PLoS_CB_2010)
#=ID;TRF;(Pfam);TRF_LIG_2-0;(PLoS_CB_2010)
#=ID;TRF;(Pfam);TRF_LIG_2-1;(PLoS_CB_2010)
#=ID;TRF;(Pfam);TRF_LIG_2-6;(PLoS_CB_2010)
#=ID;Trypsin;(Pfam);Trypsin_LIG_14-0;(PLoS_CB_2010)
#=ID;TPR_12;(Pfam);TPR_12_LIG_2-0;(PLoS_CB_2010)
#=ID;TUDOR;(Pfam);TUDOR_LIG_0-0;(PLoS_CB_2010)
#=ID;Trypsin;(Pfam);Trypsin_LIG_19-0;(PLoS_CB_2010)
#=ID;Ufm1;(Pfam);Ufm1_LIG_0-0;(PLoS_CB_2010)
#=ID;Ufm1;(Pfam);Ufm1_LIG_0-20;(PLoS_CB_2010)
#=ID;USP7_ICP0_bdg;(Pfam);USP7_ICP0_bdg_LIG_1-0;(PLoS_CB_2010)
#=ID;SYF2;(Pfam);SYF2_LIG_0-0;(PLoS_CB_2010)
#=ID;SH3_9;(Pfam);SH3_9_LIG_1-0;(PLoS_CB_2010)
#=ID;USP7_ICP0_bdg;(Pfam);USP7_ICP0_bdg_LIG_0-26;(PLoS_CB_2010)
#=ID;USP7_ICP0_bdg;(Pfam);USP7_ICP0_bdg_LIG_0-0;(PLoS_CB_2010)
#=ID;USP7_ICP0_bdg;(Pfam);USP7_ICP0_bdg_LIG_0-33;(PLoS_CB_2010)
#=ID;USP7_ICP0_bdg;(Pfam);USP7_ICP0_bdg_LIG_0-45;(PLoS_CB_2010)
#=ID;USP7_ICP0_bdg;(Pfam);USP7_ICP0_bdg_LIG_0-2;(PLoS_CB_2010)
#=ID;USP7_ICP0_bdg;(Pfam);USP7_ICP0_bdg_LIG_0-6;(PLoS_CB_2010)
#=ID;Trypsin;(Pfam);Trypsin_LIG_17-0;(PLoS_CB_2010)
#=ID;AMPKBI;(Pfam);AMPKBI_LIG_0-0;(PLoS_CB_2010)
#=ID;AMPKBI;(Pfam);AMPKBI_LIG_0-16;(PLoS_CB_2010)
#=ID;RNA_pol_Rpb1_1;(Pfam);RNA_pol_Rpb1_1_LIG_9-0;(PLoS_CB_2010)
#=ID;Trypsin;(Pfam);Trypsin_LIG_13-0;(PLoS_CB_2010)
#=ID;PHD;(Pfam);PHD_LIG_2-0;(PLoS_CB_2010)
#=ID;PHD;(Pfam);PHD_LIG_2-1;(PLoS_CB_2010)
#=ID;RNA_pol_Rpb8;(Pfam);RNA_pol_Rpb8_LIG_0-0;(PLoS_CB_2010)
#=ID;RNA_pol_Rpb8;(Pfam);RNA_pol_Rpb8_LIG_0-32;(PLoS_CB_2010)
#=ID;Trypsin;(Pfam);Trypsin_LIG_4-0;(PLoS_CB_2010)
#=ID;PCI;(Pfam);PCI_LIG_4-0;(PLoS_CB_2010)
#=ID;SET;(Pfam);SET_LIG_1-0;(PLoS_CB_2010)
#=ID;SET;(Pfam);SET_LIG_1-1;(PLoS_CB_2010)
#=ID;V-set;(Pfam);V-set_LIG_5-0;(PLoS_CB_2010)
#=ID;SAC3;(Pfam);SAC3_LIG_0-19;(PLoS_CB_2010)
#=ID;SAC3;(Pfam);SAC3_LIG_0-0;(PLoS_CB_2010)
#=ID;V-set;(Pfam);V-set_LIG_27-1;(PLoS_CB_2010)
#=ID;V-set;(Pfam);V-set_LIG_27-0;(PLoS_CB_2010)
#=ID;Tropomyosin;(Pfam);Tropomyosin_LIG_1-0;(PLoS_CB_2010)
#=ID;Tropomyosin;(Pfam);Tropomyosin_LIG_1-2;(PLoS_CB_2010)
#=ID;SH3_1;(Pfam);SH3_1_LIG_5-0;(PLoS_CB_2010)
#=ID;SH3_1;(Pfam);SH3_1_LIG_5-4;(PLoS_CB_2010)
#=ID;SH3_1;(Pfam);SH3_1_LIG_5-28;(PLoS_CB_2010)
#=ID;SH3_1;(Pfam);SH3_1_LIG_5-55;(PLoS_CB_2010)
#=ID;SH3_1;(Pfam);SH3_1_LIG_5-1;(PLoS_CB_2010)
#=ID;V-set;(Pfam);V-set_LIG_33-2;(PLoS_CB_2010)
#=ID;V-set;(Pfam);V-set_LIG_33-0;(PLoS_CB_2010)
#=ID;V-set;(Pfam);V-set_LIG_33-1;(PLoS_CB_2010)
#=ID;UPAR_LY6;(Pfam);UPAR_LY6_LIG_2-0;(PLoS_CB_2010)
#=ID;UPAR_LY6;(Pfam);UPAR_LY6_LIG_2-19;(PLoS_CB_2010)
#=ID;UPAR_LY6;(Pfam);UPAR_LY6_LIG_2-1;(PLoS_CB_2010)
#=ID;UPAR_LY6;(Pfam);UPAR_LY6_LIG_2-17;(PLoS_CB_2010)
#=ID;V-set;(Pfam);V-set_LIG_45-0;(PLoS_CB_2010)
#=ID;Tropomyosin;(Pfam);Tropomyosin_LIG_2-0;(PLoS_CB_2010)
#=ID;Synaptobrevin;(Pfam);Synaptobrevin_LIG_0-3;(PLoS_CB_2010)
#=ID;Synaptobrevin;(Pfam);Synaptobrevin_LIG_0-0;(PLoS_CB_2010)
#=ID;Synaptobrevin;(Pfam);Synaptobrevin_LIG_0-5;(PLoS_CB_2010)
#=ID;Synaptobrevin;(Pfam);Synaptobrevin_LIG_0-1;(PLoS_CB_2010)
#=ID;V-set;(Pfam);V-set_LIG_23-0;(PLoS_CB_2010)
#=ID;V-set;(Pfam);V-set_LIG_23-1;(PLoS_CB_2010)
#=ID;Vinculin;(Pfam);Vinculin_LIG_0-0;(PLoS_CB_2010)
#=ID;Vinculin;(Pfam);Vinculin_LIG_0-2;(PLoS_CB_2010)
#=ID;YEATS;(Pfam);YEATS_LIG_2-20;(PLoS_CB_2010)
#=ID;YEATS;(Pfam);YEATS_LIG_2-15;(PLoS_CB_2010)
#=ID;YEATS;(Pfam);YEATS_LIG_2-0;(PLoS_CB_2010)
#=ID;YEATS;(Pfam);YEATS_LIG_2-1;(PLoS_CB_2010)
#=ID;zf-CW;(Pfam);zf-CW_LIG_0-0;(PLoS_CB_2010)
#=ID;YBD;(Pfam);YBD_LIG_2-21;(PLoS_CB_2010)
#=ID;YBD;(Pfam);YBD_LIG_2-1;(PLoS_CB_2010)
#=ID;YBD;(Pfam);YBD_LIG_2-0;(PLoS_CB_2010)
#=ID;YBD;(Pfam);YBD_LIG_2-22;(PLoS_CB_2010)
#=ID;YBD;(Pfam);YBD_LIG_2-2;(PLoS_CB_2010)
#=ID;WW;(Pfam);WW_LIG_2-32;(PLoS_CB_2010)
#=ID;WW;(Pfam);WW_LIG_2-34;(PLoS_CB_2010)
#=ID;WW;(Pfam);WW_LIG_2-0;(PLoS_CB_2010)
#=ID;WW;(Pfam);WW_LIG_2-5;(PLoS_CB_2010)
#=ID;WW;(Pfam);WW_LIG_2-49;(PLoS_CB_2010)
#=ID;WW;(Pfam);WW_LIG_2-56;(PLoS_CB_2010)
#=ID;WW;(Pfam);WW_LIG_2-8;(PLoS_CB_2010)
#=ID;WW;(Pfam);WW_LIG_2-60;(PLoS_CB_2010)
#=ID;WW;(Pfam);WW_LIG_2-35;(PLoS_CB_2010)
#=ID;WW;(Pfam);WW_LIG_2-2;(PLoS_CB_2010)
#=ID;WH1;(Pfam);WH1_LIG_1-0;(PLoS_CB_2010)
#=ID;V-set;(Pfam);V-set_LIG_31-0;(PLoS_CB_2010)
#=ID;WD40;(Pfam);WD40_LIG_6-0;(PLoS_CB_2010)
#=ID;WD40;(Pfam);WD40_LIG_6-4;(PLoS_CB_2010)
#=ID;XPC-binding;(Pfam);XPC-binding_LIG_0-0;(PLoS_CB_2010)
#=ID;WD40;(Pfam);WD40_LIG_11-4;(PLoS_CB_2010)
#=ID;WD40;(Pfam);WD40_LIG_11-19;(PLoS_CB_2010)
#=ID;WD40;(Pfam);WD40_LIG_11-21;(PLoS_CB_2010)
#=ID;WD40;(Pfam);WD40_LIG_11-0;(PLoS_CB_2010)
#=ID;WD40;(Pfam);WD40_LIG_11-1;(PLoS_CB_2010)
#=ID;WD40;(Pfam);WD40_LIG_11-18;(PLoS_CB_2010)
#=ID;WD40;(Pfam);WD40_LIG_13-0;(PLoS_CB_2010)
#=ID;WD40;(Pfam);WD40_LIG_13-1;(PLoS_CB_2010)
#=ID;WD40;(Pfam);WD40_LIG_13-22;(PLoS_CB_2010)
#=ID;WD40;(Pfam);WD40_LIG_3-0;(PLoS_CB_2010)
#=ID;WD40;(Pfam);WD40_LIG_3-6;(PLoS_CB_2010)
#=ID;WD40;(Pfam);WD40_LIG_3-1;(PLoS_CB_2010)
#=ID;WD40;(Pfam);WD40_LIG_3-14;(PLoS_CB_2010)
#=ID;Synaptobrevin;(Pfam);Synaptobrevin_LIG_1-0;(PLoS_CB_2010)
#=ID;VWA;(Pfam);VWA_LIG_0-0;(PLoS_CB_2010)
#=ID;VWA;(Pfam);VWA_LIG_0-3;(PLoS_CB_2010)
#=ID;VWA;(Pfam);VWA_LIG_0-2;(PLoS_CB_2010)
#=ID;VWA;(Pfam);VWA_LIG_0-12;(PLoS_CB_2010)
#=ID;VWA;(Pfam);VWA_LIG_0-32;(PLoS_CB_2010)
#=ID;V-set;(Pfam);V-set_LIG_35-0;(PLoS_CB_2010)
#=ID;V-set;(Pfam);V-set_LIG_35-1;(PLoS_CB_2010)
#=ID;V-set;(Pfam);V-set_LIG_35-2;(PLoS_CB_2010)
#=ID;WH1;(Pfam);WH1_LIG_2-1;(PLoS_CB_2010)
#=ID;WH1;(Pfam);WH1_LIG_2-0;(PLoS_CB_2010)
#=ID;CBFB_NFYA;(Pfam);CBFB_NFYA_LIG_0-26;(PLoS_CB_2010)
#=ID;CBFB_NFYA;(Pfam);CBFB_NFYA_LIG_0-0;(PLoS_CB_2010)
#=ID;CBFB_NFYA;(Pfam);CBFB_NFYA_LIG_0-2;(PLoS_CB_2010)
#=ID;CiPC;(Pfam);CiPC_LIG_3-0;(PLoS_CB_2010)
#=ID;V-set;(Pfam);V-set_LIG_12-0;(PLoS_CB_2010)
#=ID;V-set;(Pfam);V-set_LIG_61-0;(PLoS_CB_2010)
#=ID;V-set;(Pfam);V-set_LIG_18-0;(PLoS_CB_2010)
#=ID;V-set;(Pfam);V-set_LIG_46-1;(PLoS_CB_2010)
#=ID;Y_phosphatase;(Pfam);Y_phosphatase_LIG_0-0;(PLoS_CB_2010)
#=ID;Y_phosphatase;(Pfam);Y_phosphatase_LIG_0-5;(PLoS_CB_2010)
#=ID;Y_phosphatase;(Pfam);Y_phosphatase_LIG_0-3;(PLoS_CB_2010)
#=ID;Y_phosphatase;(Pfam);Y_phosphatase_LIG_0-2;(PLoS_CB_2010)
#=ID;WW;(Pfam);WW_LIG_1-0;(PLoS_CB_2010)
#=ID;WW;(Pfam);WW_LIG_1-52;(PLoS_CB_2010)
#=ID;Pkinase;(Pfam);Pkinase_LIG_20-0;(PLoS_CB_2010)
#=ID;Pkinase;(Pfam);Pkinase_LIG_20-2;(PLoS_CB_2010)
#=ID;Pkinase;(Pfam);Pkinase_LIG_20-3;(PLoS_CB_2010)
#=ID;WD40;(Pfam);WD40_LIG_12-0;(PLoS_CB_2010)
#=ID;WD40;(Pfam);WD40_LIG_12-3;(PLoS_CB_2010)
#=ID;V-set;(Pfam);V-set_LIG_44-2;(PLoS_CB_2010)
#=ID;V-set;(Pfam);V-set_LIG_44-0;(PLoS_CB_2010)
#=ID;RNA_pol_Rpb2_7;(Pfam);RNA_pol_Rpb2_7_LIG_2-9;(PLoS_CB_2010)
#=ID;RNA_pol_Rpb2_7;(Pfam);RNA_pol_Rpb2_7_LIG_2-0;(PLoS_CB_2010)
#=ID;Staufen_C;(Pfam);Staufen_C_LIG_2-0;(PLoS_CB_2010)
#=ID;VHL_C;(Pfam);VHL_C_LIG_2-1;(PLoS_CB_2010)
#=ID;VHL_C;(Pfam);VHL_C_LIG_2-0;(PLoS_CB_2010)
#=ID;VHL_C;(Pfam);VHL_C_LIG_2-2;(PLoS_CB_2010)
#=ID;TPR_8;(Pfam);TPR_8_LIG_1-0;(PLoS_CB_2010)
#=ID;TPR_8;(Pfam);TPR_8_LIG_1-1;(PLoS_CB_2010)
#=ID;53-BP1_Tudor;(Pfam);53-BP1_Tudor_LIG_0-0;(PLoS_CB_2010)
#=ID;7tm_1;(Pfam);7tm_1_LIG_0-0;(PLoS_CB_2010)
#=ID;Ank;(Pfam);Ank_LIG_0-0;(PLoS_CB_2010)
#=ID;BAH;(Pfam);BAH_LIG_0-0;(PLoS_CB_2010)
#=ID;V-set;(Pfam);V-set_LIG_49-0;(PLoS_CB_2010)
#=ID;RRM_1;(Pfam);RRM_1_LIG_4-0;(PLoS_CB_2010)
#=ID;Pkinase_Tyr;(Pfam);Pkinase_Tyr_LIG_0-0;(PLoS_CB_2010)
#=ID;Pkinase_Tyr;(Pfam);Pkinase_Tyr_LIG_0-1;(PLoS_CB_2010)
#=ID;Pkinase_Tyr;(Pfam);Pkinase_Tyr_LIG_0-8;(PLoS_CB_2010)
#=ID;MATH;(Pfam);MATH_LIG_2-12;(PLoS_CB_2010)
#=ID;MATH;(Pfam);MATH_LIG_2-6;(PLoS_CB_2010)
#=ID;MATH;(Pfam);MATH_LIG_2-19;(PLoS_CB_2010)
#=ID;MATH;(Pfam);MATH_LIG_2-39;(PLoS_CB_2010)
#=ID;MATH;(Pfam);MATH_LIG_2-0;(PLoS_CB_2010)
#=ID;TPR_11;(Pfam);TPR_11_LIG_0-0;(PLoS_CB_2010)
#=ID;Ssu72;(Pfam);Ssu72_LIG_0-1;(PLoS_CB_2010)
#=ID;Ssu72;(Pfam);Ssu72_LIG_0-0;(PLoS_CB_2010)
#=ID;Insulin;(Pfam);Insulin_LIG_5-0;(PLoS_CB_2010)
#=ID;UEV;(Pfam);UEV_LIG_0-0;(PLoS_CB_2010)
#=ID;UEV;(Pfam);UEV_LIG_0-3;(PLoS_CB_2010)
#=ID;UEV;(Pfam);UEV_LIG_0-7;(PLoS_CB_2010)
#=ID;TPR_7;(Pfam);TPR_7_LIG_2-0;(PLoS_CB_2010)
#=ID;TPR_7;(Pfam);TPR_7_LIG_2-1;(PLoS_CB_2010)
#=ID;Trypsin;(Pfam);Trypsin_LIG_15-0;(PLoS_CB_2010)
#=ID;ASF1_hist_chap;(Pfam);ASF1_hist_chap_LIG_0-0;(PLoS_CB_2010)
#=ID;zf-UBP;(Pfam);zf-UBP_LIG_0-0;(PLoS_CB_2010)
#=ID;Ras;(Pfam);Ras_LIG_1-0;(PLoS_CB_2010)
#=ID;Ras;(Pfam);Ras_LIG_1-1;(PLoS_CB_2010)
#=ID;Asp;(Pfam);Asp_LIG_1-0;(PLoS_CB_2010)
#=ID;HRM;(Pfam);HRM_LIG_0-0;(PLoS_CB_2010)
#=ID;SOCS_box;(Pfam);SOCS_box_LIG_1-0;(PLoS_CB_2010)
#=ID;SOCS_box;(Pfam);SOCS_box_LIG_1-1;(PLoS_CB_2010)
#=ID;RNA_pol_Rpb1_3;(Pfam);RNA_pol_Rpb1_3_LIG_0-0;(PLoS_CB_2010)
#=ID;TPR_16;(Pfam);TPR_16_LIG_2-0;(PLoS_CB_2010)
#=ID;Glyco_transf_41;(Pfam);Glyco_transf_41_LIG_0-4;(PLoS_CB_2010)
#=ID;Glyco_transf_41;(Pfam);Glyco_transf_41_LIG_0-1;(PLoS_CB_2010)
#=ID;Glyco_transf_41;(Pfam);Glyco_transf_41_LIG_0-0;(PLoS_CB_2010)
#=ID;Glyco_transf_41;(Pfam);Glyco_transf_41_LIG_0-2;(PLoS_CB_2010)
#=ID;Troponin;(Pfam);Troponin_LIG_2-1;(PLoS_CB_2010)
#=ID;Troponin;(Pfam);Troponin_LIG_2-0;(PLoS_CB_2010)
#=ID;RPN1_RPN2_N;(Pfam);RPN1_RPN2_N_LIG_2-0;(PLoS_CB_2010)
#=ID;V-set;(Pfam);V-set_LIG_42-0;(PLoS_CB_2010)
#=ID;CTD_bind;(Pfam);CTD_bind_LIG_1-0;(PLoS_CB_2010)
#=ID;CTD_bind;(Pfam);CTD_bind_LIG_1-30;(PLoS_CB_2010)
#=ID;CTD_bind;(Pfam);CTD_bind_LIG_1-18;(PLoS_CB_2010)
#=ID;MitMem_reg;(Pfam);MitMem_reg_LIG_9-0;(PLoS_CB_2010)
#=ID;RNA_pol_Rpb1_5;(Pfam);RNA_pol_Rpb1_5_LIG_21-0;(PLoS_CB_2010)
#=ID;RNA_pol_Rpb1_5;(Pfam);RNA_pol_Rpb1_5_LIG_21-1;(PLoS_CB_2010)
#=ID;DCP1;(Pfam);DCP1_LIG_2-0;(PLoS_CB_2010)
#=ID;WD40;(Pfam);WD40_LIG_4-0;(PLoS_CB_2010)
#=ID;WD40;(Pfam);WD40_LIG_4-10;(PLoS_CB_2010)
#=ID;WD40;(Pfam);WD40_LIG_4-2;(PLoS_CB_2010)
#=ID;Trypsin;(Pfam);Trypsin_LIG_9-4;(PLoS_CB_2010)
#=ID;Trypsin;(Pfam);Trypsin_LIG_9-6;(PLoS_CB_2010)
#=ID;Trypsin;(Pfam);Trypsin_LIG_9-0;(PLoS_CB_2010)
#=ID;WD40;(Pfam);WD40_LIG_15-0;(PLoS_CB_2010)
#=ID;Peptidase_C14;(Pfam);Peptidase_C14_LIG_6-0;(PLoS_CB_2010)
#=ID;RPN1_RPN2_N;(Pfam);RPN1_RPN2_N_LIG_3-0;(PLoS_CB_2010)
#=ID;Pkinase;(Pfam);Pkinase_LIG_15-2;(PLoS_CB_2010)
#=ID;Pkinase;(Pfam);Pkinase_LIG_15-0;(PLoS_CB_2010)
#=ID;SWIB;(Pfam);SWIB_LIG_0-0;(PLoS_CB_2010)
#=ID;SH3_2;(Pfam);SH3_2_LIG_1-0;(PLoS_CB_2010)
#=ID;BRO1;(Pfam);BRO1_LIG_1-6;(PLoS_CB_2010)
#=ID;BRO1;(Pfam);BRO1_LIG_1-4;(PLoS_CB_2010)
#=ID;BRO1;(Pfam);BRO1_LIG_1-0;(PLoS_CB_2010)
#=ID;BRO1;(Pfam);BRO1_LIG_2-0;(PLoS_CB_2010)
#=ID;EF-hand_7;(Pfam);EF-hand_7_LIG_4-0;(PLoS_CB_2010)
